,Unnamed: 0,id,no_alle,no_activity,no_reise,no_bi,no_gg,x,y,prazision,typ,noten,region0,region1,region2,Region2shortcut,region3,geometry,act_sum_p1,act_sum_p2,act_sum_p3,act_sum_p4,act_sum_p5,act_sum,day_sum_p1,day_sum_p2,day_sum_p3,day_sum_p4,day_sum_p5,day_sum,stay_avg_p1,stay_avg_p2,stay_avg_p3,stay_avg_p4,stay_avg_p5,stay_avg,stay_sum_p1,stay_sum_p2,stay_sum_p3,stay_sum_p4,stay_sum_p5,stay_sum,travel_p1,travel_p2,travel_p3,travel_p4,travel_p5,travel,centr_closes_p1,centr_closes_p2,centr_closes_p3,centr_closes_p4,centr_closes_p5,centr_closes,centr_between_p1,centr_between_p2,centr_between_p3,centr_between_p4,centr_between_p5,centr_between,centr_eigen_p1,centr_eigen_p2,centr_eigen_p3,centr_eigen_p4,centr_eigen_p5,centr_eigen,centr_infos_p1,centr_infos_p2,centr_infos_p3,centr_infos_p4,centr_infos_p5,centr_infos,infl_dist_p1,infl_dist_p2,infl_dist_p3,infl_dist_p4,infl_dist_p5,infl_dist,infl_reg_p1,infl_reg_p2,infl_reg_p3,infl_reg_p4,infl_reg_p5,infl_reg,infl_sum_p1,infl_sum_p2,infl_sum_p3,infl_sum_p4,infl_sum_p5,infl_sum,median,median_p1,median_p2,median_p3,median_p4,median_p5
Arnoldstein,14,14.0,2.0,1.0,1.0,0.0,0.0,46.55,13.75,1.0,gemeinde,,Kärnten,Kärnten,Ostkärnten,OK,Ostkärnten,POINT (13.75 46.55),,,,0.0,,0.0,,,,0.00395778364116095,,0.0013100436681222707,,,,0.046153846153846156,,0.05357142857142857,,,,0.0,,0.0,,,,0.617676534927811,,0.577277247311828,,,,0.021156406061742485,,0.005081231640346448,,,,0.058609759333586135,,0.007998594013505292,,,,0.0,,0.0,,,,0.11524668626254886,,0.0025977558565383114,,,,,,,0.0,0.0,0.0,0.0,0.0,0.0,,,,,,,0.001953899762330291,0.0,0.0,0.0,0.012557094851451718,0.0
Beroun,31,30.0,4.0,2.0,2.0,0.0,0.0,49.964,14.073,1.0,gemeinde,,Böhmen,Böhmen,Mittelböhmen,MB,Mittelböhmen,POINT (14.073 49.964),,,0.0,,,0.0,,,0.03294117647058824,,,0.01222707423580786,,,0.22950819672131148,,,0.5,,,0.0,,,0.0,,0.0,0.046931890774202886,0.0,0.0,0.020325187982744252,,,0.35135564177099726,,,0.27303712483050707,,,0.0,,,0.0,,,0.004192445376177786,,,0.0007698297850950005,,,0.023931543037000968,,,0.017354201380419352,,,0.291112350507914,,,0.17854744809520948,0.0,0.0,0.06451612903225806,0.0,0.0,0.045454545454545456,,,0.012345679012345678,,,0.004694835680751174,0.014790637808113606,0.0,0.0,0.028436359753794604,0.0,0.0
Bratislava,42,41.0,25.0,10.0,10.0,5.0,0.0,48.142,17.103,1.0,gemeinde,,Ungarn,Ungarn,Westungarn,WU,Westungarn,POINT (17.103 48.142),,0.0,0.017241379310344827,,,0.013245033112582781,,0.008213552361396304,0.0058823529411764705,,,0.003930131004366812,,0.06349206349206349,0.040983606557377046,,,0.08035714285714286,,0.0,0.0,,,0.016129032258064516,0.0,0.036637756477203756,0.06444639254084149,0.0,0.0,0.02450644060332478,,0.6816196326957766,0.5860070630219908,0.7860163109564147,,0.7657449138457819,,0.05579096045197735,0.12055055952346519,0.07384829676031861,,0.08810599260505601,,0.11721101196927916,0.11479588845802703,0.05326964096836646,,0.10152777153910153,,0.4690319959524901,0.5104344750089467,0.5396279285334302,,0.7492648575091981,,,0.2526072694848095,,,0.15493119154209672,0.0,0.0,0.06451612903225806,0.0,0.0,0.045454545454545456,,,0.012345679012345678,,,0.004694835680751174,0.06290584415584416,0.0,0.04621435846459056,0.06448126078654978,0.06355896886434254,0.0
Brno,45,44.0,103.0,42.0,47.0,10.0,4.0,49.19,16.61,1.0,gemeinde,,Mähren,Mähren,Brünner Teil,BT,Brünner Teil,POINT (16.61 49.19),,0.21428571428571427,0.06896551724137931,0.29411764705882354,0.45454545454545453,0.2185430463576159,,0.25256673511293637,0.08352941176470588,0.39841688654353563,0.59375,0.26768558951965066,,0.4880952380952381,0.14549180327868852,0.4646153846153846,1.0,0.5212585034013605,,0.21428571428571427,0.11538461538461539,0.5294117647058824,0.5,0.3225806451612903,0.0,0.6540456749253848,0.3175967079633471,1.0,1.0,0.734921991771769,,0.8412803588859874,0.721556129020216,1.0,0.8558581686240792,0.9044869917521062,,0.3425141242937852,0.1051094468380418,0.4303907131226176,0.11111111111111102,0.25870107178978413,,0.23242635048028318,0.27574616056932655,0.8299220651809746,0.9089062180167913,0.6046838072407944,,0.8231793734765477,0.7827018228150251,0.9672091113256098,0.791949341388531,0.9614667205766385,,0.16805815353537074,0.27521210934544005,0.3856153051508926,0.16760662579171856,0.14149528249585272,0.0,0.29411764705882354,0.1935483870967742,0.5333333333333333,0.45454545454545453,0.5681818181818182,,0.3333333333333333,0.12345679012345678,0.41333333333333333,0.4117647058823529,0.3004694835680751,0.4219195742813254,0.0,0.3137254901960784,0.16952009518773137,0.49701357466063345,0.546875
Budyně nad Ohří,52,51.0,8.0,4.0,4.0,0.0,0.0,50.404,14.126,1.0,gemeinde,,Böhmen,Böhmen,Nordböhmen,NB,Nordböhmen,POINT (14.126 50.404),,,0.034482758620689655,0.0,,0.019867549668874173,,,0.11058823529411765,0.03562005277044855,,0.05283842794759825,,,0.38524590163934425,0.4153846153846154,,0.7202380952380952,,,0.038461538461538464,0.0,,0.03225806451612903,,0.0,0.1695515056053417,0.08696478483004098,0.0,0.09761861867841769,,,0.7884417942340114,0.6581035889121336,,0.6769803176491966,,,0.10782754532573798,0.0,,0.05851664472344624,,,0.1450612978312281,0.09234148090568929,,0.0895719161357426,,,0.555151448643089,0.563037357276625,,0.6919914424477174,,,0.03852298718384183,,,0.023627238908547902,0.0,0.0,0.06451612903225806,0.0,0.0,0.045454545454545456,,,0.037037037037037035,,,0.014084507042253521,0.05567753633552225,0.0,0.0,0.10920789030992781,0.06129241880024477,0.0
Čáslav,53,52.0,5.0,1.0,1.0,2.0,1.0,49.91,15.389,1.0,gemeinde,,Böhmen,Böhmen,Ostböhmen,OB,Ostböhmen,POINT (15.389 49.91),,,0.0,,,0.0,,,0.0,,,0.0,,,0.0,,,0.0,,,0.0,,,0.0,,0.0,0.003085321730223147,0.0,0.0,0.0013711436337564967,,,0.6712537894977547,,,0.562209566574823,,,0.0,,,0.0,,,0.07857232398568806,,,0.028527427611633734,,,0.3555296805405337,,,0.3436293194613719,,,,,,,0.0,0.0,0.0,0.0,0.0,0.0,,,,,,,0.0,0.0,0.0,0.0,0.0,0.0
České Budějovice,58,57.0,5.0,1.0,1.0,2.0,1.0,48.974,14.474,1.0,gemeinde,,Böhmen,Böhmen,Südböhmen,SB,Südböhmen,POINT (14.474 48.974),,,0.0,,,0.0,,,0.029411764705882353,,,0.010917030567685589,,,0.20491803278688525,,,0.44642857142857145,,,0.0,,,0.0,0.0,0.0,0.0771600538356421,0.0,0.0,0.03425945846080234,,,0.5690270030506239,,,0.46935983043560253,,,0.06939825926033015,,,0.06326862145730976,,,0.07307741510778415,,,0.02775756890445131,,,0.2319285866263302,,,0.2168645895294289,,,0.2717340667396932,,,0.1666621979186232,0.0,0.0,0.03225806451612903,0.0,0.0,0.022727272727272728,,,0.0,,,0.0,0.031008513682626825,0.0,0.0,0.07123783718405716,0.0,0.0
Cheb,63,62.0,6.0,2.0,2.0,2.0,0.0,50.071,12.38,1.0,gemeinde,,Böhmen,Egerland,Egerland,Eg,Egerland,POINT (12.38 50.071),,,0.0,,,0.0,,,0.021176470588235293,,,0.007860262008733625,,,0.14754098360655737,,,0.32142857142857145,,,0.0,,,0.0,,0.0,0.44455287065666066,,,0.25086818745184736,,,0.4126203524521807,,,0.3274512609752564,,,0.09629008472370819,,,0.1390586983110492,,,0.0962022653859617,,,0.03189180507610393,,,0.5047077491060749,,,0.49232520365294963,,,0.0,,,0.0,0.0,0.0,0.03225806451612903,0.0,0.0,0.022727272727272728,,,0.0,,,0.0,0.02730953890168833,0.0,0.0,0.06423016495104536,0.0,0.0
Dobříš,77,76.0,2.0,1.0,1.0,0.0,0.0,49.783,14.175,1.0,gemeinde,,Böhmen,Böhmen,Mittelböhmen,MB,Mittelböhmen,POINT (14.175 49.783),,0.0,,,,0.0,,0.039014373716632446,,,,0.008296943231441048,,0.30158730158730157,,,,0.3392857142857143,,0.0,,,,0.0,,0.06024364417776366,0.0004524317940374309,0.0006465996259004891,0.0,0.013494369598618834,,0.2699580496663664,,,,0.2669097981243675,,0.01730225988700554,,,,0.030903628713075188,,0.0021925655074944944,,,,0.0006754180887145672,,0.3084208772295592,,,,0.2722663507197868,,0.15292217582554726,,,,0.05463959953540738,0.0,0.058823529411764705,0.0,0.0,0.0,0.022727272727272728,,0.0,,,,0.0,0.01811082116294578,0.0,0.04891895156419858,0.00022621589701871545,0.00032329981295024454,0.0
Domažlice,83,82.0,6.0,2.0,2.0,1.0,1.0,49.44,12.93,1.0,gemeinde,,Böhmen,Böhmen,Südwestböhmen,SWB,Südwestböhmen,POINT (12.93 49.44),,,0.0,,,0.0,,,0.03294117647058824,,,0.01222707423580786,,,0.22950819672131148,,,0.5,,,0.0,,,0.0,,0.0,0.42235853234887333,0.0,,0.2135150239001463,,,0.38540249870774557,,,0.2999036638074365,,,0.0,,,0.0,,,0.0,,,9.328702016520551e-05,,,0.0,,,0.0,,,0.2227340056179061,,,0.1366090728810218,0.0,0.0,0.03225806451612903,0.0,0.0,0.022727272727272728,,,0.0,,,0.0,0.006160180627986533,0.0,0.0,0.016129032258064516,0.0,0.0
Drosendorf,90,89.0,5.0,2.0,2.0,0.0,1.0,48.866,15.622,1.0,gemeinde,,Niederösterreich,Niederösterreich,Nordwestniederösterreich,NWNÖ,Nordwestniederösterreich,POINT (15.622 48.866),,,,0.0,,0.0,,,,0.013192612137203167,,0.004366812227074236,,,,0.15384615384615385,,0.17857142857142858,,,,0.0,,0.0,0.0,0.0,0.0,0.04182246943134064,0.0,0.011478550269496408,,,,0.33734499204295526,,0.69456794704161,,,,0.09377561493373797,,0.0007715685543573079,,,,0.0008818843722879406,,0.0016947264318926216,,,,0.10573517628182537,,0.32380533807729434,,,,,,,0.0,0.0,0.0,0.0,0.0,0.0,,,,,,,0.0030307693294834284,0.0,0.0,0.0,0.0275075407842719,0.0
Eggenburg,96,95.0,4.0,1.0,1.0,1.0,1.0,48.639,15.819,1.0,gemeinde,,Niederösterreich,Niederösterreich,Nordostniederösterreich,NONÖ,Nordostniederösterreich,POINT (15.819 48.639),,,0.0,,,0.0,,,0.04588235294117647,,,0.01703056768558952,,,0.319672131147541,,,0.6964285714285714,,,0.0,,,0.0,0.0,0.00023459628790963434,0.18434657961200454,0.00016024297226744638,0.0,0.04158909551827267,,,0.3752770119183495,,,0.2985474366034677,,,0.0,,,0.0,,,0.07987478748741401,,,0.028620743553886215,,,0.3878237244805164,,,0.37498670789975785,,,0.5001825959937253,,,0.30677614996581526,0.0,0.0,0.06451612903225806,0.0,0.0,0.045454545454545456,,,0.024691358024691357,,,0.009389671361502348,0.03510491953607944,0.0,0.00011729814395481717,0.07219545825983603,8.012148613372319e-05,0.0
Enns,104,103.0,9.0,2.0,2.0,2.0,3.0,48.214,14.479,1.0,gemeinde,,Oberösterreich,Oberösterreich,Oberösterreich,OÖ,Oberösterreich,POINT (14.479 48.214),0.0,0.0,,,,0.006622516556291391,0.005988023952095809,0.006160164271047228,,,,0.003056768558951965,0.01863354037267081,0.047619047619047616,,,,0.0625,0.0,0.0,,,,0.016129032258064516,0.0445952447439516,0.0191952996171577,0.0,0.0,0.0,0.02025097997820279,0.44808353018495334,0.4667840509232119,,,,0.5559046843713505,0.0,0.08368644067796593,,,,0.07591158241454293,0.2179301434511608,0.07485012899827156,,,,0.030176402599935075,0.18944099378882043,0.4334728797128546,,,,0.529718074697131,,,,,,,0.0,0.0,0.0,0.0,0.0,0.0,,,,,,,0.025213691289068932,0.012310782162383311,0.03340717361810266,0.0,0.0,0.0
Freistadt,113,112.0,18.0,9.0,9.0,0.0,0.0,48.517,14.517,3.0,gemeinde,,Oberösterreich,Oberösterreich,Oberösterreich,OÖ,Oberösterreich,POINT (14.517 48.517),,,0.0,0.0784313725490196,,0.033112582781456956,,,0.04588235294117647,0.04221635883905013,,0.031004366812227076,,,0.319672131147541,0.24615384615384617,,0.4226190476190476,,,0.0,0.058823529411764705,,0.03225806451612903,0.0,0.0,0.25170190952816945,0.46836767396647083,0.0,0.15998863050581508,,,0.4465796491547342,0.5967433812791008,,0.6619719844135764,,,0.0,0.2672605025611534,,0.0034867550385008347,,,0.14664538775494848,0.1537610943236639,,0.11210810365293801,,,0.4409898947240396,0.6916129178994412,,0.7110353174027858,,,,0.20355952991626078,,0.1030538805274573,0.0,0.0,0.0,0.16666666666666666,0.0,0.11363636363636363,,,0.024691358024691357,0.09333333333333334,,0.046948356807511735,0.10758099209019766,0.0,0.0,0.04588235294117647,0.18511309829146372,0.0
Friesach,114,113.0,11.0,4.0,4.0,2.0,1.0,46.984,14.326,1.0,gemeinde,,Kärnten,Kärnten,Ostkärnten,OK,Ostkärnten,POINT (14.326 46.984),,,,0.0,,0.0,,,,0.0,,0.0,,,,0.0,,0.0,,,,0.0,,0.0,,0.0,0.0,0.1433113127341189,,0.08558933597253567,,,,0.0,,0.019878077866004686,,,,0.09025902937372285,,0.10763687511284019,,,,2.5868145125709966e-05,,2.143680422371195e-05,,,,0.13624698589644574,,0.07672169334889148,,,,0.4391530886076172,,0.22232528216807437,0.0,0.0,0.0,0.03333333333333333,0.0,0.022727272727272728,,,,0.0,,0.0,0.009949757335114199,0.0,0.0,0.0,1.2934072562854983e-05,0.0
Gaming,119,118.0,4.0,2.0,2.0,0.0,0.0,47.929,15.088,1.0,gemeinde,,Niederösterreich,Niederösterreich,Südwestniederösterreich,SWNÖ,Südwestniederösterreich,POINT (15.088 47.929),,0.0,,,,0.0,,0.008213552361396304,,,,0.0017467248908296944,,0.06349206349206349,,,,0.07142857142857142,,0.0,,,,0.0,0.0,0.024554229741776623,0.0,0.0,,0.013032971971386878,,0.4547448366412562,,,,0.5300979270280868,,0.0,,,,0.0,,0.14665816005485494,,,,0.04169279282638903,,0.4662586700403561,,,,0.42957131083861244,,0.7160760289215109,,,,0.2558563350668708,0.0,0.058823529411764705,0.0,0.0,0.0,0.022727272727272728,,0.05128205128205128,,,,0.009389671361502348,0.017880122349329803,0.0,0.05505279034690799,0.0,0.0,0.0
Głubczyce,127,126.0,9.0,2.0,2.0,4.0,1.0,50.201,17.829,1.0,gemeinde,,Schlesien,Schlesien,Troppauer Teil,TT,Troppauer Teil,POINT (17.829 50.201),,,0.017241379310344827,,,0.006622516556291391,,,0.06470588235294118,,,0.024017467248908297,,,0.22540983606557377,,,0.49107142857142855,,,0.038461538461538464,,,0.016129032258064516,,0.0,0.9636360472262964,,0.0,0.3739623766143525,,,0.4187953418329816,,,0.4273213951750649,,,0.05809212618916804,,,0.02683954401377531,,,0.06652836936871363,,,0.0309892449630002,,,0.5921728781894874,,,0.6250972899608287,,,0.5739937941245475,,,0.35204664791657103,0.0,0.0,0.06451612903225806,0.0,0.0,0.045454545454545456,,,0.024691358024691357,,,0.009389671361502348,0.038221895208772824,0.0,0.0,0.06561712586082741,0.0,0.0
Graz,135,134.0,82.0,39.0,40.0,2.0,1.0,47.067,15.45,1.0,gemeinde,,Steiermark,Steiermark,Mittelsteiermark,MS,Mittelsteiermark,POINT (15.45 47.067),,,0.2413793103448276,0.09803921568627451,,0.13245033112582782,,,0.06941176470588235,0.017150395778364115,,0.0314410480349345,,,0.12090163934426229,0.2,,0.2571428571428572,,,0.11538461538461539,0.0,,0.06451612903225806,0.0,0.0,0.8621215693437831,0.1101554215063573,,0.49673111441612394,0.0,,0.36071389265229076,0.4009734507606605,,0.4101004911335681,0.0,,0.08634300089639403,0.0,,0.02003720670746558,0.0,,0.2755791734956313,0.08308183372658452,,0.15385488924525442,0.0,,0.7675259355952443,0.5607172155681523,,0.8284623887626984,,,0.16652123942850583,0.23969169283708194,,0.10213219158079939,0.0,0.0,0.22580645161290322,0.23333333333333334,0.0,0.25,,,0.2716049382716049,0.12,,0.15023474178403756,0.152044815514646,0.0,0.0,0.2335928809788654,0.11507771075317866,0.0
Groißenbrunn,137,136.0,2.0,1.0,1.0,0.0,0.0,48.223,16.902,1.0,gemeinde,,Niederösterreich,Niederösterreich,Nordostniederösterreich,NONÖ,Nordostniederösterreich,POINT (16.902 48.223),,0.0,0.0,,,0.0,,0.008213552361396304,0.004705882352941176,,,0.0017467248908296944,,0.06349206349206349,0.03278688524590164,,,0.07142857142857142,,0.0,0.0,,,0.0,0.0,0.004884460453555681,0.028896713158056406,0.0,0.0,0.008006617038874965,,0.01176146700207694,0.5881680475094365,,,0.7347096428369758,,0.0,0.0008674782407540203,,,0.0,,0.0,0.010924893628939884,,,0.005131421583107555,,0.0,0.3128675211738197,,,0.37959090376773097,,,,,,,0.0,0.0,0.0,0.0,0.0,0.0,,,,,,,0.003439073236968625,0.0,0.0,0.007815387990940531,0.0,0.0
Hainburg,147,146.0,11.0,5.0,5.0,0.0,1.0,48.146,16.946,3.0,gemeinde,,Niederösterreich,Niederösterreich,Südostniederösterreich,SONÖ,Südostniederösterreich,POINT (16.946 48.146),0.375,,,0.0196078431372549,,0.033112582781456956,0.25149700598802394,,,0.0079155672823219,,0.0222707423580786,0.7826086956521741,,,0.09230769230769231,,0.45535714285714285,0.0,,,0.0,,0.016129032258064516,0.16495952643767714,0.0,0.0,0.039189284859900295,0.0,0.04792573948784259,0.6146219767009854,,,0.809221749597473,,0.8048694201808572,0.014084507042253504,,,0.10089537678489616,,0.018415056405384662,0.27918478584306483,,,0.11690580423052603,,0.0716684911653582,0.39399696048632304,,,0.5867479300683813,,0.6363019791905546,0.6208495729430341,,,,,0.2246871097309616,0.625,0.0,0.0,0.0,0.0,0.11363636363636363,0.4666666666666667,,,,,0.03755868544600939,0.0597971153266004,0.3844984802431615,0.0,0.0,0.06574848858379631,0.0
Hartberg,151,150.0,2.0,1.0,1.0,0.0,0.0,47.281,15.97,1.0,gemeinde,,Steiermark,Steiermark,Mittelsteiermark,MS,Mittelsteiermark,POINT (15.97 47.281),,,,0.0,,0.0,,,,0.0,,0.0,,,,0.0,,0.0,,,,0.0,,0.0,0.0,0.0,0.0,0.02303399983809002,,0.003704674015701569,,,,0.5728178731473147,,0.5521816887685257,,,,0.042667904794850796,,0.03923437232652928,,,,0.04221182416519939,,0.020883812819995344,,,,0.46960080681520094,,0.3093717245120563,,,,,,,0.0,0.0,0.0,0.0,0.0,0.0,,,,,,,0.0018523370078507846,0.0,0.0,0.0,0.01151699991904501,0.0
Havlíčkův Brod,154,153.0,9.0,3.0,3.0,2.0,1.0,49.607,15.579,1.0,gemeinde,,Böhmen,Böhmen,Böhmischmährische Höhe,BMH,Böhmischmährische Höhe,POINT (15.579 49.607),,,0.017241379310344827,,,0.006622516556291391,,,0.021176470588235293,,,0.007860262008733625,,,0.07377049180327869,,,0.16071428571428573,,,0.038461538461538464,,,0.016129032258064516,0.0,0.0,0.07693177339855979,0.0,0.0,0.02927170290682061,,,0.8013456676043288,,,0.7946036616246284,,,0.21016106179336674,,,0.12231163326321438,,,0.09733502272536455,,,0.03434585289324446,,,0.5769029532352788,,,0.5762486843749013,,,0.20019374967705242,,,0.12278449563230456,0.0,0.0,0.06451612903225806,0.0,0.0,0.045454545454545456,,,0.037037037037037035,,,0.014084507042253521,0.03990019917389496,0.0,0.0,0.07535113260091925,0.0,0.0
Herzogenbirbaum,160,159.0,2.0,1.0,1.0,0.0,0.0,48.519,16.251,2.0,gemeinde,,Niederösterreich,Niederösterreich,Nordostniederösterreich,NONÖ,Nordostniederösterreich,POINT (16.251 48.519),,,0.0,,,0.0,,,0.004705882352941176,,,0.0017467248908296944,,,0.03278688524590164,,,0.07142857142857142,,,0.0,,,0.0,0.0,0.0,0.016722789787407683,0.0,0.0,0.003738469934921783,,,0.7382567853594251,,,0.9335241059474826,,,0.0,,,0.007145487903128761,,,0.06696765116577476,,,0.028258518909733178,,,0.41722847083454445,,,0.42696294417941505,,,1.0,,,0.6133283173444598,0.0,0.0,0.03225806451612903,0.0,0.0,0.022727272727272728,,,0.0,,,0.0,0.014936380315200745,0.0,0.0,0.024490427151768357,0.0,0.0
Hradec Králové,172,171.0,9.0,4.0,4.0,1.0,0.0,50.209,15.833,1.0,gemeinde,,Böhmen,Böhmen,Nordostböhmen,NOB,Nordostböhmen,POINT (15.833 50.209),,0.0,0.017241379310344827,,0.0,0.019867549668874173,,0.061601642710472276,0.14352941176470588,,0.0,0.06768558951965066,,0.47619047619047616,1.0,,0.0,0.9226190476190474,,0.0,0.0,,0.0,0.03225806451612903,,0.5210560527789907,0.5229641359932858,0.0,0.0668726213938361,0.35719639453511504,,0.5741204402709095,0.0,,0.5807168928723982,0.5420992771250348,,0.057203389830508426,0.006419338981580518,,0.31249999999999994,0.044342170715888654,,0.06910560035852559,0.001242515540899028,,0.163639798138534,0.06058853683071194,,0.43355731017970195,0.24178884446524426,,0.24892094972992665,0.6955795553575508,,,0.14090947663252304,,,0.08642377220091382,0.0,0.0,0.0967741935483871,0.0,0.0,0.06818181818181818,,,0.07407407407407407,,,0.028169014084507043,0.06793370385073441,0.0,0.06535362153449893,0.08542413381123058,0.0,0.03343631069691805
Hradec nad Moravicí,173,172.0,6.0,3.0,3.0,0.0,0.0,49.871,17.875,1.0,gemeinde,,Schlesien,Schlesien,Troppauer Teil,TT,Troppauer Teil,POINT (17.875 49.871),,,,,0.18181818181818182,0.013245033112582781,,,,,0.11458333333333333,0.010917030567685589,,,,,0.2638888888888889,0.22321428571428573,,,,,0.25,0.016129032258064516,,0.0,0.0,0.0,0.28392800883858,0.12810619214951435,,,,,0.72444429384973,0.5014122773506031,,,,,0.06944444444444439,0.0026876304643448545,,,,,0.0,0.003393644759583554,,,,,0.23633688957390386,0.3133804565844085,,,,,1.0,1.0,0.0,0.0,0.0,0.0,0.09090909090909091,0.022727272727272728,,,,,0.11764705882352941,0.009389671361502348,0.019428152492668622,0.0,0.0,0.0,0.0,0.20907753569604284
Jablonné v Podještědí,182,181.0,2.0,1.0,1.0,0.0,0.0,50.765,14.76,1.0,gemeinde,,Böhmen,Böhmen,Nordböhmen,NB,Nordböhmen,POINT (14.76 50.765),,0.0,,,,0.0,,0.02053388090349076,,,,0.004366812227074236,,0.15873015873015872,,,,0.17857142857142858,,0.0,,,,0.0,,0.07949291163980218,0.0,0.0,0.0,0.016019449302798847,,0.6414835949281282,,,,0.5818053205895537,,0.0,,,,0.0,,0.13516910277536295,,,,0.05547246019536051,,0.4642815390569533,,,,0.43314688200458756,,0.22138498281049013,,,,0.07910158705639735,0.0,0.11764705882352941,0.0,0.0,0.0,0.045454545454545456,,0.10256410256410256,,,,0.018779342723004695,0.03211694408877508,0.0,0.11010558069381599,0.0,0.0,0.0
Jaroměřice nad Rokytkou,184,183.0,5.0,2.0,2.0,1.0,0.0,49.094,15.893,1.0,gemeinde,Jaromerice nad Rokytnou?,Mähren,Mähren,Znaimer Teil,ZT,Znaimer Teil,POINT (15.893 49.094),,,0.0,,,0.0,,,0.009411764705882352,,,0.0034934497816593887,,,0.06557377049180328,,,0.14285714285714285,,,0.0,,,0.0,0.0,0.0,0.033391751423827803,0.0001413056836754991,0.0006435027991357247,0.009958506006876743,,0.5386836102416145,0.6957816779294008,,,0.8350230582057155,,0.0,0.0,,,0.05224150738939285,,0.07276286751362984,0.04621392958951167,,,0.04502959667083573,,0.23480346993690956,0.39999049459210584,,,0.5550573803313131,,,0.1483906401757842,,,0.09101218164868093,0.0,0.0,0.0967741935483871,0.0,0.0,0.06818181818181818,,,0.037037037037037035,,,0.014084507042253521,0.04863555203011429,0.0,0.03638143375681492,0.041625483313274356,7.065284183774955e-05,0.00032175139956786236
Jihlava,189,188.0,17.0,7.0,6.0,4.0,0.0,49.396,15.591,1.0,gemeinde,,Böhmen,Böhmen,Böhmischmährische Höhe,BMH,Böhmischmährische Höhe,POINT (15.591 49.396),,,0.05172413793103448,0.0,,0.026490066225165563,,,0.058823529411764705,0.011873350923482849,,0.02576419213973799,,,0.10245901639344263,0.13846153846153847,,0.21071428571428572,,,0.11538461538461539,0.0,,0.06451612903225806,0.0,0.0,0.20161591151555142,0.0488010840264639,0.0,0.0898782023173892,,,0.7130536959528337,0.7813039538713087,,0.7619950643612311,,,0.0,0.10089537678489616,,0.0,,,0.42060117675765407,0.11690580423052603,,0.21059458231558575,,,0.770681399058333,0.5867479300683813,,0.811978109976656,,,0.3316735361692609,0.0,,0.20106226146377987,0.0,0.0,0.16129032258064516,0.03333333333333333,0.0,0.13636363636363635,,,0.07407407407407407,0.0,,0.03286384976525822,0.11312091934051277,0.0,0.0,0.13833746898263027,0.04106720867989862,0.0
Jindřichův Hradec,190,189.0,3.0,1.0,1.0,1.0,0.0,49.144,15.003,1.0,gemeinde,,Böhmen,Böhmen,Südböhmen,SB,Südböhmen,POINT (15.003 49.144),,,,,0.0,0.0,,,,,0.015625,0.0026200873362445414,,,,,0.08333333333333333,0.10714285714285714,,,,,0.0,0.0,0.0,0.0,0.0,0.0,0.12586920929710463,0.007994630652165302,,,,,0.5617612060614253,0.5483387425586639,,,,,0.13194444444444436,0.003138046133414703,,,,,0.14816604149922577,0.01845148164304047,,,,,0.2233265123048972,0.40256121270127027,,,,,0.5606379266708454,0.5783232954733453,0.0,0.0,0.0,0.0,0.0,0.0,,,,,0.0,0.0,0.0055663383927900024,0.0,0.0,0.0,0.0,0.10460127131521899
Judenburg,191,190.0,17.0,6.0,6.0,5.0,0.0,47.167,14.667,1.0,gemeinde,,Steiermark,Steiermark,Nordsteiermark,NS,Nordsteiermark,POINT (14.667 47.167),,,,0.058823529411764705,,0.019867549668874173,,,,0.0013192612137203166,,0.0004366812227074236,,,,0.015384615384615385,,0.017857142857142856,,,,0.0,,0.0,0.0,0.0,0.0,0.14932645245769963,,0.03491841123546187,,,,0.17903203668221668,,0.20365480075868914,,,,0.15824635020068295,,0.1647329481352904,,,,0.0003599108770003253,,0.0007733296399734996,,,,0.18425325577415463,,0.2058295694675551,,,,0.5036853207190876,,0.2549953170267782,0.0,0.0,0.0,0.06666666666666667,0.0,0.045454545454545456,,,,0.04,,0.014084507042253521,0.027392980452168023,0.0,0.0,0.0,0.06274509803921569,0.0
Kamýk nad Vltavou,198,198.0,8.0,4.0,4.0,0.0,0.0,49.639,14.253,1.0,gemeinde,,Böhmen,Böhmen,Mittelböhmen,MB,Mittelböhmen,POINT (14.253 49.639),,,,0.0392156862745098,,0.013245033112582781,,,,0.040897097625329816,,0.013537117903930132,,,,0.23846153846153847,,0.2767857142857143,,,,0.058823529411764705,,0.016129032258064516,,0.0,0.0,0.057160215928897216,0.0,0.015131423421076805,,,,0.751591879009554,,0.7257120298653867,,,,0.4933851122051278,,0.26608532500354454,,,,0.18362885098905155,,0.06598266478538156,,,,0.7406419945998748,,0.6085413101823531,,,,1.0,,0.506259179169116,0.0,0.0,0.0,0.23333333333333334,0.0,0.1590909090909091,,,,0.08,,0.028169014084507043,0.11253678693814533,0.0,0.0,0.0,0.20848109216119243,0.0
Kladruby,204,205.0,6.0,2.0,2.0,2.0,0.0,49.712,12.995,3.0,gemeinde,,Böhmen,Böhmen,Südwestböhmen,SWB,Südwestböhmen,POINT (12.995 49.712),,0.03571428571428571,,,,0.006622516556291391,,0.059548254620123205,,,,0.012663755458515284,,0.4603174603174603,,,,0.5178571428571429,,0.0,,,,0.0,,0.38404990194791055,0.0,0.0,,0.15493113903569264,,0.5249185591786864,,,,0.4821998222906437,,0.07132768361581915,,,,0.040258991643273935,,0.11146648332953318,,,,0.036530725657631796,,0.47115987046201935,,,,0.43023108649174274,,0.09591734161934909,,,,0.034271583609697454,0.0,0.17647058823529413,0.0,0.0,0.0,0.06818181818181818,,0.10256410256410256,,,,0.018779342723004695,0.03839485865045286,0.0,0.10701529294681787,0.0,0.0,0.0
Kleinweikersdorf,207,208.0,3.0,1.0,1.0,0.0,1.0,48.631,16.198,1.0,gemeinde,,Niederösterreich,Niederösterreich,Nordostniederösterreich,NONÖ,Nordostniederösterreich,POINT (16.198 48.631),0.0,,,,,0.0,0.0,,,,,0.0013100436681222707,0.0,,,,,0.05357142857142857,0.0,,,,,0.0,0.018260594037581884,0.002832498481208912,0.0,0.0,0.0,0.0034998208328592675,0.6701859313815932,0.7306661490044745,,,,0.8496493055287323,0.0,0.0,,,,0.014883618649154459,0.2179301434511608,0.07276286751362984,,,,0.029640891973146063,0.18944099378882043,0.23480346993690956,,,,0.4286667813933388,,0.3229602464686832,,,,0.11539476493609567,0.0,0.11764705882352941,0.0,0.0,0.0,0.045454545454545456,,0.02564102564102564,,,,0.004694835680751174,0.02226225531115026,0.0,0.09520496316857963,0.0,0.0,0.0
Korneuburg,216,217.0,8.0,7.0,0.0,1.0,0.0,48.34,16.33,1.0,gemeinde,,Niederösterreich,Wien,Wien,Wi,Wien,POINT (16.33 48.34),0.625,,,0.0,,0.039735099337748346,0.023952095808383235,,,0.025065963060686015,,0.011353711790393014,0.07453416149068325,,,0.2923076923076923,,0.23214285714285715,0.0,,,0.0,,0.016129032258064516,0.02339916642985692,0.0,0.0,0.055453909558886086,0.0,0.01934842289804359,0.8154324866652315,,,0.20826246464241496,,0.9592030116145126,0.0,,,0.0,,0.051640899636344564,0.4274791012714619,,,6.504545963137319e-05,,0.029687896369376115,0.45959352209352267,,,0.0,,0.497434513610623,1.0,,,,,0.3619026564935363,1.0,0.0,0.0,0.0,0.0,0.18181818181818182,0.7333333333333333,,,,,0.056338028169014086,0.05398946390267932,0.4435363116824923,0.0,0.0,3.2522729815686594e-05,0.0
Kostanjevica na Krki,217,218.0,9.0,2.0,2.0,4.0,1.0,45.846,15.42,1.0,gemeinde,,Krain + Aquileia,Krain,Krain,Kr,Krain,POINT (15.42 45.846),,,,0.0196078431372549,,0.006622516556291391,,,,0.005277044854881266,,0.0017467248908296944,,,,0.06153846153846154,,0.07142857142857142,,,,0.0,,0.0,,,,0.14165193579566213,,0.13238715565270504,,,,0.20758961708899298,,0.15412296574798748,,,,0.25202196513442093,,0.1330925138466803,,,,0.0031653797480174096,,0.0005790643607220326,,,,0.27627570566088916,,0.10239231404353977,,,,0.0,,0.0,0.0,0.0,0.0,0.03333333333333333,0.0,0.022727272727272728,,,,0.013333333333333334,,0.004694835680751174,0.014674894641782059,0.0,0.0,0.0,0.026470588235294117,0.0
Kravaře u České Lípy,227,228.0,3.0,1.0,1.0,1.0,0.0,50.632,14.392,1.0,gemeinde,,Böhmen,Böhmen,Nordböhmen,NB,Nordböhmen,POINT (14.392 50.632),,,0.0,,,0.0,,,0.0058823529411764705,,,0.002183406113537118,,,0.040983606557377046,,,0.08928571428571429,,,0.0,,,0.0,,0.0,0.010434471947505916,0.0,0.0,0.004560701580226188,,,0.43758619849988745,,,0.39802479241113264,,,0.04522453228464844,,,0.022949878000164993,,,0.006252208373982651,,,0.000969357212637016,,,0.2545286136396649,,,0.24191841353314922,,,0.0698353249135525,,,0.04283198232043278,0.0,0.0,0.03225806451612903,0.0,0.0,0.022727272727272728,,,0.0,,,0.0,0.013643987153749457,0.0,0.0,0.021346268231817473,0.0,0.0
Krems an der Donau,228,229.0,73.0,30.0,30.0,6.0,7.0,48.41,15.62,1.0,gemeinde,,Niederösterreich,Niederösterreich,Nordwestniederösterreich,NWNÖ,Nordwestniederösterreich,POINT (15.62 48.41),1.0,0.42857142857142855,,0.0196078431372549,,0.152317880794702,0.40119760479041916,0.5564681724845996,,0.08839050131926121,,0.1781659388646288,0.2049689440993789,0.5376984126984127,,0.5153846153846153,,0.4857142857142857,1.0,0.5,,0.058823529411764705,,0.22580645161290322,0.5128800591880354,0.749024496830328,0.0,0.42100769535959526,0.0,0.516397883084541,1.0,0.9410999998940042,,0.6649070276728862,,0.9143603939084332,1.0,0.25,,0.0,,0.27931535764877796,1.0,0.6010406604318546,,0.14078511783971256,,0.317079752810465,1.0,0.9219542599590781,,0.6740429408285913,,0.9299188534747616,0.46126040625721726,0.5223900516803688,,0.6429610262365901,,0.18562545333095223,0.75,0.29411764705882354,0.0,0.06666666666666667,0.0,0.1590909090909091,0.9333333333333333,0.46153846153846156,,0.02666666666666667,,0.17370892018779344,0.2525609046308406,0.9666666666666667,0.5300442321893908,0.0,0.11458780957948689,0.0
Křivoklát,230,231.0,14.0,7.0,7.0,0.0,0.0,50.038,13.872,1.0,gemeinde,,Böhmen,Böhmen,Mittelböhmen,MB,Mittelböhmen,POINT (13.872 50.038),,0.07142857142857142,0.0,0.0,,0.026490066225165563,,0.03285420944558522,0.011764705882352941,0.0316622691292876,,0.021834061135371178,,0.08465608465608465,0.08196721311475409,0.36923076923076925,,0.17857142857142858,,0.14285714285714285,0.0,0.0,,0.06451612903225806,,0.05926499623780387,0.018455645164637633,0.07817575941735093,0.0,0.0403365962261874,,0.7686572779226508,0.7434846028169951,0.6206861923413334,,0.6549246793651506,,0.24717514124293782,0.0,0.0,,0.035000572948960085,,0.22272072641674773,0.14664538775494848,0.15072977473446755,,0.18123157075523516,,0.7063470135646359,0.4409898947240396,0.5795270498358097,,0.7987071021123325,,0.43401836419965,0.1382779152005388,0.11256099764756049,,0.07630817763840468,0.0,0.23529411764705882,0.0967741935483871,0.06666666666666667,0.0,0.1590909090909091,,0.07692307692307693,0.04938271604938271,0.02666666666666667,,0.051643192488262914,0.07041215333533138,0.0,0.1827889346369453,0.0656749645820684,0.0724212130420088,0.0
Laa an der Thaya,238,239.0,24.0,11.0,11.0,2.0,0.0,48.728,16.384,1.0,gemeinde,,Niederösterreich,Niederösterreich,Nordostniederösterreich,NONÖ,Nordostniederösterreich,POINT (16.384 48.728),,0.17857142857142858,0.0,0.0196078431372549,,0.052980132450331126,,0.049281314168377825,0.002352941176470588,0.03825857519788918,,0.024017467248908297,,0.38095238095238093,0.01639344262295082,0.2230769230769231,,0.24553571428571427,,0.0,0.0,0.058823529411764705,,0.04838709677419355,0.0,0.03548201759951302,0.011363160709961838,0.07359632464251664,0.0,0.037366512449602186,,0.0841923819083975,0.7182321679051422,0.6813832403338042,,0.8915642911243868,,0.1271186440677965,0.02203394731515473,0.10292575052337286,,0.16934724326098632,,0.01420928480432348,0.048108964735812144,0.15562859651197022,,0.08348477055846076,,0.180369296270491,0.47314530874196187,0.6695860589221386,,0.7460586634604254,,0.36973522242727846,0.19084182686702428,0.22094990690421082,,0.13210761865308407,0.0,0.11764705882352941,0.06451612903225806,0.06666666666666667,0.0,0.13636363636363635,,0.05128205128205128,0.012345679012345678,0.013333333333333334,,0.028169014084507043,0.10779619460577242,0.0,0.10091972036596346,0.019213694969052775,0.08826103758294475,0.0
Lilienfeld,257,258.0,22.0,4.0,4.0,14.0,0.0,48.014,15.598,1.0,gemeinde,,Niederösterreich,Niederösterreich,Südwestniederösterreich,SWNÖ,Südwestniederösterreich,POINT (15.598 48.014),,0.0,0.017241379310344827,0.0,,0.019867549668874173,,0.08624229979466119,0.0,0.0,,0.01834061135371179,,0.6666666666666666,0.0,0.0,,0.25,,0.0,0.0,0.0,,0.03225806451612903,0.0,0.13375769810987703,0.008577607565683902,0.007874442698869727,0.0,0.06763746350964527,,0.0,0.510842643363425,0.5807834370131778,,0.7090892687625343,,0.0,0.0,0.22623367102764289,,0.3010321198212479,,0.0,0.060373686705312256,0.004766833347245373,,0.02786114713278811,,0.0,0.4153765292175403,0.27722767253483777,,0.6318048919601683,,0.0,,,,0.0,0.0,0.058823529411764705,0.0,0.0,0.0,0.022727272727272728,,0.0,,,,0.0,0.03005960582445857,0.0,0.0,0.004288803782841951,0.0023834166736226865,0.0
Linz,258,259.0,49.0,19.0,19.0,4.0,7.0,48.306,14.286,1.0,gemeinde,,Oberösterreich,Oberösterreich,Oberösterreich,OÖ,Oberösterreich,POINT (14.286 48.306),0.625,0.10714285714285714,0.06896551724137931,,,0.09271523178807947,0.40718562874251496,0.11909650924024641,0.06235294117647059,,,0.0794759825327511,0.6055900621118013,0.3068783068783068,0.21721311475409835,,,0.4642857142857143,0.25,0.14285714285714285,0.038461538461538464,,,0.0967741935483871,1.0,0.5292359578679164,0.513784110169194,0.0,0.0,0.5974281338463465,0.5876070334449677,0.40011411006528097,0.09273944417801125,,,0.6149910326893767,0.4788732394366196,0.4745762711864407,0.04719081629702444,,,0.08555168017713469,0.30577601470481475,0.2055847167320325,0.024351779842699203,,,0.1150447767668452,0.43092621664050335,0.6699414344669574,0.44685535896008594,,,0.8382755060312059,0.0827332872640061,0.3533482934275645,0.24864853306943954,,,0.05703416675617136,0.375,0.23529411764705882,0.12903225806451613,0.0,0.0,0.18181818181818182,0.5333333333333333,0.1794871794871795,0.07407407407407407,,,0.11267605633802817,0.11386041655243669,0.4548997280385615,0.2710862122626828,0.08340675912604266,0.0,0.0
Litoměřice,259,260.0,14.0,4.0,4.0,6.0,0.0,50.533,14.132,1.0,gemeinde,,Böhmen,Böhmen,Nordböhmen,NB,Nordböhmen,POINT (14.132 50.533),,,0.034482758620689655,,0.0,0.019867549668874173,,,0.012941176470588235,,0.09375,0.013973799126637555,,,0.030054644808743168,,0.5,0.14285714285714285,,,0.07692307692307693,,0.0,0.04838709677419355,,0.0,0.027048641368913957,0.0,0.15914108282229508,0.030606300008094705,,,0.7809325422798314,,0.7307559698973103,0.6562205122836661,,,0.13706156203915212,,0.0902777777777777,0.12576567436026245,,,0.23603625491513958,,0.13331813643477616,0.12121031148356892,,,0.6997692362765411,,0.28383451809744503,0.7581203955549457,,,0.6279324949421853,,0.0,0.23090075443357297,0.0,0.0,0.06451612903225806,0.0,0.18181818181818182,0.09090909090909091,,,0.012345679012345678,,0.058823529411764705,0.014084507042253521,0.10605970119632992,0.0,0.0,0.0707196029776675,0.0,0.11353406821738808
Loket,264,265.0,2.0,1.0,1.0,0.0,0.0,50.187,12.754,1.0,gemeinde,,Böhmen,Böhmen,Südwestböhmen,SWB,Südwestböhmen,POINT (12.754 50.187),,0.0,,,,0.0,,0.04722792607802875,,,,0.010043668122270743,,0.36507936507936506,,,,0.4107142857142857,,0.0,,,,0.0,,0.43499549668742976,0.0,0.0,,0.1910561120150466,,0.42450546844217457,,,,0.3736070882059073,,0.025070621468926434,,,,0.004178717313440398,,0.01563622230744868,,,,0.005045225288298471,,0.330230627230751,,,,0.30290407215242865,,,,,,,0.0,0.0,0.0,0.0,0.0,0.0,,,,,,,0.0075444467052846065,0.0,0.03614927377347759,0.0,0.0,0.0
Ljubljana,269,270.0,3.0,1.0,1.0,1.0,0.0,46.05,14.507,1.0,gemeinde,,Krain + Aquileia,Krain,Krain,Kr,Krain,POINT (14.507 46.05),,,,0.0,,0.0,,,,0.0013192612137203166,,0.0004366812227074236,,,,0.015384615384615385,,0.017857142857142856,,,,0.0,,0.0,,,,0.12570671448895854,,0.11748483551715458,,,,0.1196984264622059,,0.08221081118700892,,,,0.11604732348050069,,0.020726413380425357,,,,1.6670991328880036e-05,,4.177068310914153e-07,,,,0.13600230593072363,,0.005765276516622031,,,,0.028895124780840088,,0.014628422153537287,0.0,0.0,0.0,0.03333333333333333,0.0,0.022727272727272728,,,,0.013333333333333334,,0.004694835680751174,0.01019684933507966,0.0,0.0,0.0,0.022139870082727737,0.0
Mailberg,274,275.0,7.0,1.0,1.0,5.0,0.0,48.673,16.183,1.0,gemeinde,,Niederösterreich,Niederösterreich,Nordostniederösterreich,NONÖ,Nordostniederösterreich,POINT (16.183 48.673),,,,0.0,,0.0,,,,0.0712401055408971,,0.023580786026200874,,,,0.8307692307692308,,0.9642857142857143,,,,0.0,,0.0,0.0,0.00011369061661185868,0.0006026780770094834,0.16228352597737297,0.0,0.04853184746356909,,,,0.787278813527369,,0.6993209124964868,,,,0.294220991854603,,0.03559135517171669,,,,0.06290701504025736,,0.017543812016238523,,,,0.4672030464081635,,0.39871457074560834,,,,,,,0.0,0.0,0.0,0.0,0.0,0.0,,,,,,,0.02958607059895878,0.0,5.684530830592934e-05,0.0003013390385047417,0.11676181575913504,0.0
Marchegg,279,280.0,7.0,2.0,2.0,2.0,1.0,48.257,16.891,1.0,gemeinde,,Niederösterreich,Niederösterreich,Nordostniederösterreich,NONÖ,Nordostniederösterreich,POINT (16.891 48.257),,,,0.0,,0.0,,,,0.002638522427440633,,0.0008733624454148472,,,,0.03076923076923077,,0.03571428571428571,,,,0.0,,0.0,0.0,0.0,0.0,0.011138482466064786,0.0,0.0030668792587382403,,,,0.5002188981884164,,0.6494512530088017,,,,0.0,,0.0,,,,0.01172795577993661,,0.002315459464025689,,,,0.25638773496124756,,0.16418806086664184,,,,,,,0.0,0.0,0.0,0.0,0.0,0.0,,,,,,,0.0015944109547202682,0.0,0.0,0.0,0.006888502446752709,0.0
Maribor,282,283.0,11.0,5.0,5.0,0.0,1.0,46.554,15.648,1.0,gemeinde,,Steiermark,Steiermark,Südsteiermark,SS,Südsteiermark,POINT (15.648 46.554),,,,0.0,,0.0,,,,0.0,,0.0,,,,0.0,,0.0,,,,0.0,,0.0,,,0.0,0.0816566595509097,,0.02637992831541206,,,,0.3869192706265259,,0.37696611938946856,,,,0.01559720911632926,,0.01385394204268461,,,,0.0089106847886506,,0.0013495158604528185,,,,0.380746594792384,,0.21790882750965443,,,,,,,0.0,0.0,0.0,0.0,0.0,0.0,,,,,,,0.0006747579302264093,0.0,0.0,0.0,0.0044553423943253,0.0
Milevsko,299,299.0,2.0,1.0,1.0,0.0,0.0,49.45,14.361,1.0,gemeinde,,Böhmen,Böhmen,Südböhmen,SB,Südböhmen,POINT (14.361 49.45),,,,0.0,,0.0,,,,0.023746701846965697,,0.007860262008733625,,,,0.27692307692307694,,0.32142857142857145,,,,0.0,,0.0,0.0,0.0,0.0,0.06330342372442002,0.0,0.016094168004280224,,,,0.5793071728947867,,0.6668270637469529,,,,0.09123285306726535,,0.03310763925388012,,,,0.07588725723819438,,0.028019616506217898,,,,0.47045435251714596,,0.379817814663448,,,,0.6532236680509327,,0.33070047800130425,0.0,0.0,0.0,0.03333333333333333,0.0,0.022727272727272728,,,,0.0,,0.0,0.025373444616745313,0.0,0.0,0.0,0.0695953404813072,0.0
Most,312,313.0,6.0,1.0,1.0,2.0,2.0,50.503,13.636,1.0,gemeinde,,Böhmen,Böhmen,Nordwestböhmen,NWB,Nordwestböhmen,POINT (13.636 50.503),,,0.0,,,0.0,,,0.0035294117647058825,,,0.0013100436681222707,,,0.02459016393442623,,,0.05357142857142857,,,0.0,,,0.0,,0.0,0.009773023596119776,0.0,0.0,0.004638349652881314,,,0.32066280290023963,,,0.27914920598662557,,,0.004828962206864601,,,0.009760342212621533,,,0.002320743924414223,,,0.0006055261599374761,,,0.2066523856512924,,,0.19511080704653708,,,0.0,,,0.0,0.0,0.0,0.03225806451612903,0.0,0.0,0.022727272727272728,,,0.012345679012345678,,,0.004694835680751174,0.0046665926668162435,0.0,0.0,0.007300992901492188,0.0,0.0
Myšenec,318,319.0,2.0,1.0,1.0,0.0,0.0,49.223,14.208,1.0,gemeinde,,Böhmen,Böhmen,Südböhmen,SB,Südböhmen,POINT (14.208 49.223),,,,0.0,,0.0,,,,0.032981530343007916,,0.010917030567685589,,,,0.38461538461538464,,0.44642857142857145,,,,0.0,,0.0,0.0,0.0,0.0,0.10102228420040443,0.0,0.024050579200120437,,,,0.5281634907575722,,0.6313997126639788,,,,0.018559757122302234,,0.007124149651900097,,,,0.016209916779196174,,0.0024020554228217977,,,,0.4312770866503869,,0.34724827194288305,,,,0.10952579242229499,,0.05544843776955805,0.0,0.0,0.0,0.1,0.0,0.06818181818181818,,,,0.02666666666666667,,0.009389671361502348,0.017483804883903012,0.0,0.0,0.0,0.06649076517150396,0.0
Neuburg am Inn,323,324.0,10.0,1.0,1.0,2.0,6.0,48.518,13.405,1.0,gemeinde,,Oberösterreich,Oberösterreich,Oberösterreich,OÖ,Oberösterreich,POINT (13.405 48.518),,,,0.0,,0.0,,,,0.011873350923482849,,0.003930131004366812,,,,0.13846153846153847,,0.16071428571428573,,,,0.0,,0.0,0.0,0.0,0.0,0.44232100871631613,,0.07722903343579589,,,,0.2719025214990465,,0.28339181807431224,,,,0.039073172889057484,,0.019374943698308823,,,,0.07894336922125796,,0.028336216017330114,,,,0.5073700478997446,,0.34537076185058224,,,,0.012423992821874114,,0.006289760408004979,0.0,0.0,0.0,0.03333333333333333,0.0,0.022727272727272728,,,,0.013333333333333334,,0.004694835680751174,0.021051108212790777,0.0,0.0,0.0,0.036203253111195405,0.0
Nižbor,337,338.0,2.0,1.0,1.0,0.0,0.0,50.002,14.003,1.0,gemeinde,,Böhmen,Böhmen,Mittelböhmen,MB,Mittelböhmen,POINT (14.003 50.002),,,0.0,,,0.0,,,0.01647058823529412,,,0.00611353711790393,,,0.11475409836065574,,,0.25,,,0.0,,,0.0,,0.0,0.023431501967513264,0.0,0.0,0.010293533596907671,,,0.7983191928157525,,,0.6801214304271028,,,0.0,,,0.0,,,0.14664538775494848,,,0.05547246019536051,,,0.4409898947240396,,,0.43314688200458756,,,,,,,0.0,0.0,0.0,0.0,0.0,0.0,,,,,,,0.0082035353574058,0.0,0.0,0.01995104510140369,0.0,0.0
Olomouc,365,367.0,86.0,22.0,22.0,37.0,5.0,49.596,17.252,1.0,gemeinde,,Mähren,Mähren,Olmützer Teil,OT,Olmützer Teil,POINT (17.252 49.596),,0.10714285714285714,0.05172413793103448,,0.0,0.052980132450331126,,0.1293634496919918,0.07411764705882352,,0.06770833333333333,0.06200873362445415,,0.5,0.2581967213114754,,0.3611111111111111,0.5071428571428571,,0.07142857142857142,0.038461538461538464,,0.0,0.06451612903225806,,0.5285077312767483,0.4586153385539835,0.0,0.17070180836122434,0.3243103248930511,,0.6482967922833195,0.5791425421652516,,0.7857578303391436,0.7008489633848908,,0.04696327683615805,0.04025099037099143,,0.2708333333333333,0.014179409254304434,,0.09814004687970128,0.16686242769497012,,0.1587223412901959,0.12940390929588894,,0.5752880548490136,0.6274558641115258,,0.33634865143063464,0.8053583781839548,,0.0,0.1696860101188548,,0.06424471388807002,0.06715185276039633,0.0,0.11764705882352941,0.16129032258064516,0.0,0.09090909090909091,0.13636363636363635,,0.1282051282051282,0.07407407407407407,,0.0,0.06103286384976526,0.09827788102814264,0.0,0.1229260935143288,0.16407637513780765,0.0,0.12481571609964341
Opava,367,369.0,15.0,5.0,5.0,4.0,1.0,49.939,17.903,1.0,gemeinde,,Schlesien,Schlesien,Troppauer Teil,TT,Troppauer Teil,POINT (17.903 49.939),,0.07142857142857142,,,0.09090909090909091,0.026490066225165563,,0.04106776180698152,,,0.14583333333333334,0.0222707423580786,,0.15873015873015872,,,0.3472222222222222,0.22767857142857142,,0.07142857142857142,,,0.25,0.04838709677419355,,0.5147291918881898,0.0,0.0,0.46818071267447886,0.30357577852830886,,0.390647544511228,,,0.7495095205369667,0.5149217302041584,,0.0,,,0.7291666666666669,0.1527614440915666,,0.1638975647022148,,,0.2152225811066597,0.09452711515261589,,0.5964676255977932,,,0.6618515204370236,0.7510173055243011,,0.106798697654551,,,,0.03815952813413243,0.0,0.11764705882352941,0.0,0.0,0.0,0.045454545454545456,,0.10256410256410256,,,,0.018779342723004695,0.07145710596340471,0.0,0.1122228782390402,0.0,0.0,0.2986111111111111
Písek,395,396.0,28.0,13.0,13.0,1.0,1.0,49.309,14.148,1.0,gemeinde,,Böhmen,Böhmen,Südböhmen,SB,Südböhmen,POINT (14.148 49.309),,0.03571428571428571,0.10344827586206896,0.0196078431372549,,0.06622516556291391,,0.11498973305954825,0.3270588235294118,0.047493403693931395,,0.1615720524017467,,0.4444444444444444,0.37978142076502736,0.5538461538461539,,0.7341269841269843,,0.07142857142857142,0.19230769230769232,0.0,,0.12903225806451613,0.0,0.24296326542733257,0.5083897331948726,0.10471153227970369,0.0,0.30477801339799093,,0.7952267349184193,0.7680985727218381,0.5300884667506929,,0.703797928979237,,0.14936440677966098,0.01570135615764963,0.0,,0.032096266953024755,,0.21640542941190832,0.49766218473550367,0.15072977473446755,,0.3168491923059451,,0.653345174872026,0.8582385691683614,0.5795270498358097,,0.9012033598856345,,1.0,0.2787520399931657,0.4226452387292286,,0.19886448165990203,0.0,0.23529411764705882,0.2903225806451613,0.2,0.0,0.38636363636363635,,0.10256410256410256,0.14814814814814814,0.09333333333333334,,0.11737089201877934,0.25182124752894647,0.0,0.22584977352948357,0.30869070208728655,0.1277206535070856,0.0
Plasy,398,399.0,15.0,4.0,4.0,7.0,0.0,49.934,13.39,1.0,gemeinde,,Böhmen,Böhmen,Mittelböhmen,MB,Mittelböhmen,POINT (13.39 49.934),,0.03571428571428571,0.017241379310344827,,,0.019867549668874173,,0.1293634496919918,0.05764705882352941,,,0.04890829694323144,,1.0,0.4016393442622951,,,1.0,,0.0,0.0,,,0.016129032258064516,,0.38123937099648963,0.19744585998683675,0.0,0.0,0.19830658040251584,,0.5451729879450203,0.048725133555837706,,,0.5104557392261098,,0.0,0.036289506404880996,,,0.042299954906404244,,0.06701833887388386,0.00749193924013793,,,0.03165610222090708,,0.23378685296374072,0.26285253510654555,,,0.5336041838722453,,0.16647227398824332,0.04539287129640599,,,0.05619007706095944,0.0,0.29411764705882354,0.0967741935483871,0.0,0.0,0.11363636363636363,,0.1282051282051282,0.04938271604938271,,,0.046948356807511735,0.05254918700209544,0.0,0.14791786184011757,0.04905392480261021,0.0,0.0
Poděbrady,403,404.0,18.0,9.0,9.0,0.0,0.0,50.142,15.119,1.0,gemeinde,,Böhmen,Böhmen,Ostböhmen,OB,Ostböhmen,POINT (15.119 50.142),,,0.05172413793103448,0.0392156862745098,0.0,0.046357615894039736,,,0.047058823529411764,0.052770448548812667,0.10416666666666667,0.044978165938864625,,,0.16393442622950818,0.20512820512820515,0.5555555555555556,0.30654761904761907,,,0.038461538461538464,0.11764705882352941,0.0,0.08064516129032258,,0.001068753933007997,0.08466566043236534,0.17339666118762548,0.20682541683353256,0.10609026661947553,,,0.769255352773785,0.771475993024762,0.5452973723916998,0.7628177447386244,,,0.1604834745395135,0.046887521216518194,0.06944444444444439,0.11986684905540113,,,0.09224750128377227,0.37969857098089016,0.0,0.16743153389133844,,,0.4340039517060471,0.8303677831943908,0.23633688957390386,0.8254735838439309,,,0.4607069354071263,0.20611351101092004,,0.2208017497112431,0.0,0.0,0.12903225806451613,0.1,0.0,0.1590909090909091,,,0.037037037037037035,0.08,,0.046948356807511735,0.1394788790731551,0.0,0.0005343769665039985,0.1106398796741442,0.14552186000557743,0.08680555555555552
Praha,419,421.0,401.0,172.0,176.0,44.0,9.0,50.09,14.41,1.0,gemeinde,,Böhmen,Prag,Prag,Pr,Prag,POINT (14.41 50.09),,1.0,1.0,1.0,1.0,1.0,,1.0,1.0,1.0,1.0,1.0,,0.5946275946275946,0.2580449301760777,0.647863247863248,1.0,0.6490929705215419,,0.8571428571428571,1.0,1.0,1.0,1.0,,1.0,1.0,0.9988457367269925,0.916842570388187,1.0,0.2110517237302756,1.0,1.0,0.8355531601139161,1.0,0.8541900888444868,0.0,1.0,1.0,1.0,1.0,0.9898799907075189,0.4274791012714619,0.922154786459286,1.0,1.0,1.0,1.0,0.45959352209352267,0.9946061100787952,1.0,1.0,1.0,1.0,,0.012892860222885886,0.4036359594785277,0.5948870706956481,0.12131230546218015,0.21156454834062557,0.0,0.5294117647058824,1.0,1.0,1.0,1.0,,0.9487179487179487,1.0,1.0,1.0,1.0,1.0,0.2110517237302756,0.971662029398372,1.0,1.0,1.0
Přištpo,428,430.0,2.0,1.0,1.0,0.0,0.0,49.074,15.935,1.0,gemeinde,,Mähren,Mähren,Znaimer Teil,ZT,Znaimer Teil,POINT (15.935 49.074),,,,0.0,,0.0,,,,0.0158311345646438,,0.005240174672489083,,,,0.18461538461538463,,0.21428571428571427,,,,0.0,,0.0,0.0,0.0,0.0,0.04344035645838739,0.0,0.013975515049664993,,,,0.8014307706636061,,0.8360973921500533,,,,0.07970927269367728,,0.008249353793671555,,,,0.02856456833241087,,0.010521434207945572,,,,0.5203410073809772,,0.39800670386265724,,,,0.10920296979658717,,0.05528500585204999,0.0,0.0,0.0,0.03333333333333333,0.0,0.022727272727272728,,,,0.0,,0.0,0.012248474628805283,0.0,0.0,0.0,0.03838684489586036,0.0
Sadská,477,480.0,8.0,4.0,4.0,0.0,0.0,50.134,14.985,1.0,gemeinde,,Böhmen,Böhmen,Ostböhmen,OB,Ostböhmen,POINT (14.985 50.134),,0.03571428571428571,0.0,0.0,,0.013245033112582781,,0.10472279260780287,0.07647058823529412,0.08575197889182058,,0.050655021834061134,,0.40476190476190477,0.5327868852459017,1.0,,0.6904761904761904,,0.07142857142857142,0.0,0.0,,0.03225806451612903,,0.18293306994746006,0.08265725459952687,0.04834139409747261,0.0007382008426967051,0.08544048175367966,,0.881778589164447,0.788970748190313,0.6601307475783509,,0.7474960587363125,,0.012711864406779651,0.0,0.0,,0.012399596553320192,,0.18694475927867374,0.07267146212661127,0.15072977473446755,,0.1233285741067395,,0.6649417619241148,0.2156318192238939,0.5795270498358097,,0.7340419105008867,,0.8302260500195993,,0.9251021176205937,,0.4206606154606026,0.0,0.058823529411764705,0.0,0.06666666666666667,0.0,0.06818181818181818,,0.02564102564102564,,0.013333333333333334,,0.014084507042253521,0.07681114996774892,0.0,0.14382793127763147,0.0745710251809527,0.07620932277924362,0.00036910042134835256
Seitenstetten,495,498.0,5.0,1.0,1.0,3.0,0.0,48.036,14.655,1.0,gemeinde,,Niederösterreich,Niederösterreich,Südwestniederösterreich,SWNÖ,Südwestniederösterreich,POINT (14.655 48.036),,0.0,,,,0.0,,0.0,,,,0.0,,0.0,,,,0.0,,0.0,,,,0.0,0.0,0.0,0.0,0.0,0.0,0.0,,0.5423856339730173,,,,0.5652575490921091,,0.0,,,,0.0,,0.04331571942805409,,,,0.008794481098907993,,0.21963062199752684,,,,0.19781515964842863,,0.6800647456812032,,,,0.24298938438176404,0.0,0.058823529411764705,0.0,0.0,0.0,0.022727272727272728,,0.0,,,,0.0,0.0,0.0,0.0,0.0,0.0,0.0
Sitzenberg,498,501.0,3.0,1.0,1.0,1.0,0.0,48.321,15.809,1.0,gemeinde,Druhá je v Bavorsku,Niederösterreich,Niederösterreich,Südwestniederösterreich,SWNÖ,Südwestniederösterreich,POINT (15.809 48.321),,0.0,,,,0.0,,0.002053388090349076,,,,0.0004366812227074236,,0.015873015873015872,,,,0.017857142857142856,,0.0,,,,0.0,0.0,0.0021083810942276278,0.0,0.0,0.0,0.0008951688725519104,,0.7379358893195758,,,,0.7847539004396097,,0.06814971751412413,,,,0.04627366999205715,,0.08928608963943774,,,,0.025872902630042043,,0.44486757499047735,,,,0.4163881126354126,,0.22702738097300298,,,,0.0811176345940071,0.0,0.11764705882352941,0.0,0.0,0.0,0.045454545454545456,,0.02564102564102564,,,,0.004694835680751174,0.02186502274359245,0.0,0.04689537157757488,0.0,0.0,0.0
Slovenj Gradec,501,504.0,4.0,2.0,2.0,0.0,0.0,46.516,15.079,1.0,gemeinde,,Kärnten,Kärnten,Ostkärnten,OK,Ostkärnten,POINT (15.079 46.516),,,,0.0196078431372549,,0.006622516556291391,,,,0.0013192612137203166,,0.0004366812227074236,,,,0.015384615384615385,,0.017857142857142856,,,,0.0,,0.0,,,0.0,0.1868843837616685,,0.0914954441421599,,,,0.37267673149750186,,0.306209929829209,,,,0.32000928596138106,,0.19018858686913082,,,,0.04177882955219934,,0.020862443109758426,,,,0.46512234044550504,,0.2739233851117698,,,,0.19995538425944137,,0.10122924870562998,0.0,0.0,0.0,0.03333333333333333,0.0,0.022727272727272728,,,,0.02666666666666667,,0.009389671361502348,0.021794857918515577,0.0,0.0,0.0,0.037556081442766336,0.0
Stična,525,527.0,2.0,1.0,1.0,0.0,0.0,45.957,14.806,1.0,gemeinde,,Krain + Aquileia,Krain,Krain,Kr,Krain,POINT (14.806 45.957),,,,0.0,,0.0,,,,0.002638522427440633,,0.0008733624454148472,,,,0.03076923076923077,,0.03571428571428571,,,,0.0,,0.0,,,,0.33567977399490645,,0.3137245547666524,,,,0.15002842612800402,,0.10622977551982749,,,,0.1840346443074608,,0.07599644082422982,,,,0.00023851662458274997,,1.604462254867496e-05,,,,0.18376055215290815,,0.033743851293138366,,,,0.1809035008688778,,0.09158405785869754,0.0,0.0,0.0,0.06666666666666667,0.0,0.045454545454545456,,,,0.02666666666666667,,0.009389671361502348,0.03472906850371204,0.0,0.0,0.0,0.04871794871794872,0.0
Stříbro,533,535.0,6.0,1.0,1.0,1.0,3.0,49.752,13.003,1.0,gemeinde,,Böhmen,Böhmen,Südwestböhmen,SWB,Südwestböhmen,POINT (13.003 49.752),,,0.0,,,0.0,,,0.03764705882352941,,,0.013973799126637555,,,0.26229508196721313,,,0.5714285714285714,,,0.0,,,0.0,,0.0,0.35366585859867,0.0,,0.17821347876325677,,,0.4471793973285459,,,0.355341041880214,,,0.06939825926033015,,,0.06326862145730976,,,0.016327477898547542,,,0.0033643485423829316,,,0.1720981007853506,,,0.1730995082366118,,,0.1611581729417465,,,0.09884287103666883,0.0,0.0,0.03225806451612903,0.0,0.0,0.022727272727272728,,,0.0,,,0.0,0.04299794709229124,0.0,0.0,0.05352265904192978,0.0,0.0
Traiskirchen,566,568.0,2.0,1.0,1.0,0.0,0.0,48.014,16.295,1.0,gemeinde,,Niederösterreich,Niederösterreich,Südostniederösterreich,SONÖ,Südostniederösterreich,POINT (16.295 48.014),,,0.0,,,0.0,,,0.004705882352941176,,,0.0017467248908296944,,,0.03278688524590164,,,0.07142857142857142,,,0.0,,,0.0,0.0,0.0,0.019247403328043478,0.0,0.0,0.004382662158907379,,,0.2941388297643083,,,0.23490139618824096,,,0.018361622762628968,,,0.018964386837674988,,,0.10953325403354323,,,0.03652415916589373,,,0.43341198260364844,,,0.4266251683500398,,,0.16669947613896038,,,0.10224150920251149,0.0,0.0,0.06451612903225806,0.0,0.0,0.045454545454545456,,,0.024691358024691357,,,0.009389671361502348,0.027744273001784357,0.0,0.0,0.0287391216352965,0.0,0.0
Uherské Hradiště,580,582.0,9.0,2.0,3.0,3.0,1.0,49.07,17.46,1.0,gemeinde,,Mähren,Mähren,Südostmähren,SOM,Südostmähren,POINT (17.46 49.07),,0.03571428571428571,,,,0.006622516556291391,,0.057494866529774126,,,,0.01222707423580786,,0.4444444444444444,,,,0.5,,0.0,,,,0.0,0.0,0.30524362016316114,0.0,0.0,0.0,0.07741920048928753,,0.5153019264305063,,,,0.5870133534566142,,0.04696327683615805,,,,0.049033487807412846,,0.07435937296920414,,,,0.02112978282173216,,0.3746157457424026,,,,0.3791997455181959,,0.0,,,,0.0,0.0,0.11764705882352941,0.0,0.0,0.0,0.045454545454545456,,0.05128205128205128,,,,0.009389671361502348,0.033292164138138805,0.0,0.06592711974948913,0.0,0.0,0.0
Uherský Ostroh,582,584.0,2.0,1.0,1.0,0.0,0.0,48.986,17.39,1.0,gemeinde,,Mähren,Mähren,Südostmähren,SOM,Südostmähren,POINT (17.39 48.986),,,,0.0,,0.0,,,,0.017150395778364115,,0.005676855895196507,,,,0.2,,0.23214285714285715,,,,0.0,,0.0,0.0,0.0,0.0,0.1339565460763442,0.0,0.038122127125185964,,,,0.6221125968115142,,0.6096328707726673,,,,0.023443903733434492,,0.02275269936960707,,,,0.047490046701753955,,0.021632289442642217,,,,0.5019629483314691,,0.3444414450822506,,,,0.15922531843383136,,0.08060927901325259,0.0,0.0,0.0,0.03333333333333333,0.0,0.022727272727272728,,,,0.013333333333333334,,0.004694835680751174,0.022739986048439898,0.0,0.0,0.0,0.04041169001754365,0.0
Uničov,585,587.0,2.0,1.0,1.0,0.0,0.0,49.771,17.121,1.0,gemeinde,,Mähren,Mähren,Olmützer Teil,OT,Olmützer Teil,POINT (17.121 49.771),,,,,0.0,0.0,,,,,0.010416666666666666,0.002183406113537118,,,,,0.05555555555555555,0.08928571428571429,,,,,0.0,0.0,,0.0,0.0,0.0,0.0503176978901416,0.012772233298973935,,,,,0.6492586871905435,0.44540089946269856,,,,,0.0902777777777777,0.01353000572105353,,,,,0.13331813643477616,0.027830341714471837,,,,,0.28383451809744625,0.3373967269546078,,,,,0.8839996584091363,0.8886689481516614,0.0,0.0,0.0,0.0,0.0,0.0,,,,,0.0,0.0,0.013151119510013732,0.0,0.0,0.0,0.0,0.05293662672284857
Velehrad,589,591.0,12.0,2.0,1.0,9.0,0.0,49.105,17.395,1.0,gemeinde,,Mähren,Mähren,Südostmähren,SOM,Südostmähren,POINT (17.395 49.105),,,0.017241379310344827,,,0.006622516556291391,,,0.041176470588235294,,,0.015283842794759825,,,0.14344262295081966,,,0.3125,,,0.038461538461538464,,,0.016129032258064516,0.0,0.0,0.31816572785624203,0.0,0.0,0.09514145231001728,,,0.5194347080175032,,,0.6182619080185718,,,0.10964924963132174,,,0.08479482743661362,,,0.09524663749635762,,,0.04464466914932829,,,0.442223947751179,,,0.4399381975877301,,,0.6631199720324343,,,0.4067102566441582,0.0,0.0,0.25806451612903225,0.0,0.0,0.18181818181818182,,,0.14814814814814814,,,0.056338028169014086,0.08996813987331545,0.0,0.0,0.1457953855494839,0.0,0.0
Veveří,593,595.0,1.0,1.0,0.0,0.0,0.0,49.257,16.462,1.0,gemeinde,,Mähren,Mähren,Brünner Teil,BT,Brünner Teil,POINT (16.462 49.257),,,,0.0,,0.0,,,,0.025065963060686015,,0.008296943231441048,,,,0.2923076923076923,,0.3392857142857143,,,,0.0,,0.0,0.0,0.0,0.0,0.04964861897960155,0.0,0.018133887792744767,,,,0.682532321680497,,0.6687982842569106,,,,0.0,,0.0,,,,0.055379741899572045,,0.02267646260378897,,,,0.5438362016281744,,0.3924311735761953,,,,0.8076065251393624,,0.40885821650867565,0.0,0.0,0.0,0.06666666666666667,0.0,0.045454545454545456,,,,0.04,,0.014084507042253521,0.02040517519826687,0.0,0.0,0.0,0.0525141804395868,0.0
Villach,599,601.0,2.0,1.0,1.0,0.0,0.0,46.61,13.856,1.0,gemeinde,,Kärnten,Kärnten,Westkärnten,WK,Westkärnten,POINT (13.856 46.61),,,,0.0,,0.0,,,,0.002638522427440633,,0.0008733624454148472,,,,0.03076923076923077,,0.03571428571428571,,,,0.0,,0.0,,,,0.2678246689583063,,0.2503075297761183,,,,0.014578251854083886,,0.0,,,,0.04571561228019721,,0.050540802090389685,,,,6.446259443481007e-07,,5.672649681490988e-07,,,,0.1153213566159849,,0.02272163577726133,,,,0.24985313686394856,,0.1264904439815714,0.0,0.0,0.0,0.06666666666666667,0.0,0.045454545454545456,,,,0.013333333333333334,,0.004694835680751174,0.01370823572900625,0.0,0.0,0.0,0.02267374131165733,0.0
Völkermarkt,604,606.0,2.0,1.0,1.0,0.0,0.0,46.662,14.633,1.0,gemeinde,,Kärnten,Kärnten,Ostkärnten,OK,Ostkärnten,POINT (14.633 46.662),,,,0.0,,0.0,,,,0.0,,0.0,,,,0.0,,0.0,,,,0.0,,0.0,,,0.0,0.09686467233499448,,0.06237703793429206,,,,0.15021604644166825,,0.16725698827295168,,,,0.062016138508529724,,0.0363450540647502,,,,0.0760357946691409,,0.027773646504481077,,,,0.47712587808269175,,0.31062054236859615,,,,,,,0.0,0.0,0.0,0.0,0.0,0.0,,,,,,,0.013886823252240539,0.0,0.0,0.0,0.031008069254264862,0.0
Vracov,607,609.0,4.0,2.0,2.0,0.0,0.0,48.977,17.209,1.0,gemeinde,,Mähren,Mähren,Südostmähren,SOM,Südostmähren,POINT (17.209 48.977),,,0.0,,,0.0,,,0.001176470588235294,,,0.0004366812227074236,,,0.00819672131147541,,,0.017857142857142856,,,0.0,,,0.0,0.0,0.0,0.014596876999157751,0.0,0.0,0.003943866829386909,,,0.4741683750342823,,,0.5587294270787887,,,0.0,,,0.0,,,0.01296297474106629,,,0.00247646024503065,,,0.216238922666952,,,0.21242305823949337,,,0.4840876415233519,,,0.29690465862276544,0.0,0.0,0.03225806451612903,0.0,0.0,0.022727272727272728,,,0.0,,,0.0,0.0032101635372087794,0.0,0.0,0.01057984802627085,0.0,0.0
Vyškov,613,614.0,4.0,2.0,2.0,0.0,0.0,49.28,17.0,1.0,gemeinde,,Mähren,Mähren,Olmützer Teil,OT,Olmützer Teil,POINT (17 49.28),,,0.017241379310344827,,,0.006622516556291391,,,0.042352941176470586,,,0.01572052401746725,,,0.29508196721311475,,,0.6428571428571429,,,0.0,,,0.0,0.0,0.0002866175323557468,0.1752791281045252,0.0,0.0,0.0442342469256826,,,0.30715458409922686,,,0.27737438329891095,,,0.0,,,0.0,,,0.012519841836923912,,,0.009287489389171202,,,0.21218382652293385,,,0.37369541603933815,,,0.41018794681166537,,,0.2515798832129775,0.0,0.0,0.0967741935483871,0.0,0.0,0.06818181818181818,,,0.04938271604938271,,,0.018779342723004695,0.03150679482434365,0.0,0.0001433087661778734,0.0730784547988849,0.0,0.0
Wels,627,628.0,14.0,6.0,6.0,1.0,1.0,48.158,14.027,1.0,gemeinde,,Oberösterreich,Oberösterreich,Oberösterreich,OÖ,Oberösterreich,POINT (14.027 48.158),,0.14285714285714285,,,,0.026490066225165563,,0.07802874743326489,,,,0.016593886462882096,,0.30158730158730157,,,,0.3392857142857143,,0.07142857142857142,,,,0.016129032258064516,0.0,0.3587515546409738,0.0,0.0,,0.12099135560432017,,0.4694724698485398,,,,0.47376450100915435,,0.19279661016949157,,,,0.10498740341965648,,0.02714531193868529,,,,0.019307189160444955,,0.5652527936542581,,,,0.5518589597667167,,0.059850149423049843,,,,0.02138465646957802,0.0,0.11764705882352941,0.0,0.0,0.0,0.045454545454545456,,0.1282051282051282,,,,0.023474178403755867,0.03597230583985551,0.0,0.13553113553113552,0.0,0.0,0.0
Wien,631,632.0,271.0,116.0,124.0,23.0,8.0,48.221,16.388,1.0,gemeinde,,Niederösterreich,Wien,Wien,Wi,Wien,POINT (16.388 48.221),1.0,0.7857142857142857,0.29310344827586204,0.803921568627451,,0.6026490066225165,1.0,0.5359342915811088,0.21294117647058824,0.2519788918205805,,0.3506550218340611,1.0,0.27619047619047615,0.18545081967213115,0.3264957264957265,,0.40969387755102044,0.5,1.0,0.2692307692307692,0.47058823529411764,,0.5483870967741935,0.6533530428113205,0.6918502491845011,0.491450739954702,0.5249160056038605,0.0,0.6228207073144942,0.7839743514703827,0.9403228840625295,0.7185434549321857,0.9979284361318946,0.0,1.0,0.11267605633802803,0.6048728813559322,0.27056646329121237,0.6856810847628794,0.0,1.0,0.52760936667793,1.0,0.5566690065573758,0.5511917251885305,0.10860689993669337,0.7516198967136817,0.5867474171713577,1.0,0.9056794930516511,0.9605978064114128,0.0,0.9888999366790158,0.5373117902014866,0.364350525057267,0.08301985863934973,0.5859923478439769,,0.17906956149631853,1.0,1.0,0.41935483870967744,0.7333333333333333,0.0,0.7727272727272727,1.0,1.0,0.35802469135802467,0.8933333333333333,,0.7230046948356808,0.6729127010750875,0.7186636971408515,0.8630185848884075,0.32556406981694336,0.6358367163034282,0.0
Wiener Neustadt,632,633.0,31.0,8.0,8.0,10.0,5.0,47.81,16.24,1.0,gemeinde,,Niederösterreich,Niederösterreich,Südostniederösterreich,SONÖ,Südostniederösterreich,POINT (16.24 47.81),0.125,0.03571428571428571,0.034482758620689655,,,0.039735099337748346,0.059880239520958084,0.07597535934291581,0.05529411764705883,,,0.042358078602620086,0.06521739130434784,0.5873015873015873,0.19262295081967212,,,0.3464285714285714,0.25,0.0,0.038461538461538464,,,0.06451612903225806,0.0729186177899806,0.13573279140019254,0.3158816539895203,0.0,,0.1417288566706848,0.5979319974617365,0.08247337380640124,0.3571684905700236,,,0.6898806238017826,0.11267605633802803,0.1271186440677965,0.16386663967845475,,,0.15653476032492308,0.52760936667793,0.01420928480432348,0.1151941444830746,,,0.08074377712516828,0.5867474171713577,0.180369296270491,0.5810580958810773,,,0.8008590579029852,0.0,0.3232575160779769,0.3001312161063552,,,0.12156021002152284,0.125,0.11764705882352941,0.12903225806451613,0.0,0.0,0.13636363636363635,0.0,0.02564102564102564,0.07407407407407407,,,0.046948356807511735,0.1289619231925796,0.11883802816901401,0.10006021631496533,0.14644944887148542,0.0,0.0
Žatec,651,652.0,4.0,1.0,1.0,1.0,1.0,50.33,13.54,1.0,gemeinde,,Böhmen,Böhmen,Nordwestböhmen,NWB,Nordwestböhmen,POINT (13.54 50.33),,,0.0,,,0.0,,,0.024705882352941175,,,0.009170305676855894,,,0.1721311475409836,,,0.375,,,0.0,,,0.0,,0.0,0.08118257150622822,0.0,0.0,0.040868440395917166,,,0.3110105771023911,,,0.28007612325052356,,,0.025532776219529804,,,0.048535948561051416,,,0.04018630979861831,,,0.020863177024607816,,,0.3080418353558116,,,0.30226573084734987,,,0.2787942046107386,,,0.17099238039929135,0.0,0.0,0.06451612903225806,0.0,0.0,0.045454545454545456,,,0.012345679012345678,,,0.004694835680751174,0.04316149292523131,0.0,0.0,0.05235121941543819,0.0,0.0
Zbraslav,652,653.0,4.0,3.0,0.0,0.0,1.0,49.976,14.394,1.0,gemeinde,,Böhmen,Böhmen,Mittelböhmen,MB,Mittelböhmen,POINT (14.394 49.976),,,,0.0392156862745098,,0.013245033112582781,,,,0.07651715039577836,,0.025327510917030567,,,,0.2974358974358974,,0.3452380952380952,,,,0.11764705882352941,,0.03225806451612903,,0.0,0.0,0.12128349523859346,0.0,0.032129754614943454,,,,0.8022576557854625,,0.8271282722880665,,,,0.16879911250941224,,0.08673471556169982,,,,0.20815632875494033,,0.07638949105088635,,,,0.8082835928674291,,0.7166922540292998,,,,0.7948420658140248,,0.4023960918080927,0.0,0.0,0.0,0.13333333333333333,0.0,0.09090909090909091,,,,0.05333333333333334,,0.018779342723004695,0.08156210330629309,0.0,0.0,0.0,0.15106622292137278,0.0
Znojmo,666,667.0,59.0,27.0,27.0,3.0,2.0,48.86,16.05,1.0,gemeinde,,Mähren,Mähren,Znaimer Teil,ZT,Znaimer Teil,POINT (16.05 48.86),,0.03571428571428571,0.1724137931034483,0.17647058823529413,,0.1456953642384106,,0.03490759753593429,0.07647058823529412,0.08047493403693931,,0.062445414847161575,,0.1349206349206349,0.13319672131147542,0.31282051282051276,,0.2837301587301587,,0.07142857142857142,0.11538461538461539,0.11764705882352941,,0.12903225806451613,0.0,0.06521764522574923,0.26395447465102523,0.17572379757680445,0.0,0.14270015885603957,0.1561844085557651,0.8267047391499643,0.7794669696318816,0.8867636469769095,,0.9527267247688305,0.0,0.2387005649717514,0.05080530896683336,0.23453836620608512,,0.1445957047256472,0.0,0.1406774958495734,0.3648357597861767,0.22526336137791345,,0.2672425316591174,0.0,0.649154336273405,0.7866215859100134,0.8119447244519445,,0.9047473564706678,,0.9216156500369636,0.45980814218228794,0.4723535784012387,,0.27138953970149904,0.0,0.058823529411764705,0.3870967741935484,0.43333333333333335,0.0,0.5227272727272727,,0.02564102564102564,0.24691358024691357,0.21333333333333335,,0.18309859154929578,0.22517056160420656,0.0,0.10317460317460317,0.25543402744896937,0.22990086379199928,0.0
Zvíkov,667,668.0,5.0,2.0,2.0,1.0,0.0,49.439,14.192,1.0,gemeinde,,Böhmen,Böhmen,Südböhmen,SB,Südböhmen,POINT (14.192 49.439),,0.0,,0.0,,0.006622516556291391,,0.0513347022587269,,0.0316622691292876,,0.021397379912663755,,0.3968253968253968,,0.36923076923076925,,0.4375,,0.0,,0.0,,0.016129032258064516,0.0,0.10530702639960782,0.0,0.0873535166574165,0.0,0.04517866590228253,,0.73088325911282,,0.5206327262725663,,0.660255577816971,,0.043785310734463234,,0.02070577600251671,,0.05222683011544424,,0.020496958282096307,,0.006939815510666307,,0.01021772816285279,,0.33238259810229354,,0.3651974864268862,,0.5075753468136741,,0.9985689274794615,,0.3526751650614342,,0.2696058956310395,0.0,0.058823529411764705,0.0,0.06666666666666667,0.0,0.06818181818181818,,0.02564102564102564,,0.02666666666666667,,0.018779342723004695,0.048702748008863386,0.0,0.0550791158352458,0.0,0.049164467897977134,0.0
Zwettl,669,670.0,23.0,2.0,2.0,18.0,1.0,48.607,15.169,1.0,gemeinde,,Niederösterreich,Niederösterreich,Nordwestniederösterreich,NWNÖ,Nordwestniederösterreich,POINT (15.169 48.607),,0.0,,0.0,,0.006622516556291391,,0.045174537987679675,,0.0013192612137203166,,0.010043668122270743,,0.3492063492063492,,0.015384615384615385,,0.20535714285714285,,0.0,,0.0,,0.016129032258064516,0.0,0.08659518176472177,0.0,0.018550590393724975,0.0,0.04351514891248779,,0.5453451079587958,,0.42934406149038157,,0.7214155038214914,,0.0,,0.18286244912078922,,0.08339697499949364,,0.08323025703431118,,0.011653788578724138,,0.03141484947841369,,0.4358106650794186,,0.2903048207565337,,0.5852511621136085,,0.0,,0.0,,0.0,0.0,0.058823529411764705,0.0,0.03333333333333333,0.0,0.022727272727272728,,0.0,,0.0,,0.004694835680751174,0.02707106110284321,0.0,0.05199903369972219,0.0,0.013519201981669761,0.0
Pottendorf,711,709.0,4.0,1.0,1.0,2.0,0.0,47.91,16.388,1.0,gemeinde,,Niederösterreich,Niederösterreich,Südostniederösterreich,SONÖ,Südostniederösterreich,POINT (16.388 47.91),,,0.0,,,0.0,,,0.0,,,0.0,,,0.0,,,0.0,,,0.0,,,0.0,0.0,0.0,0.006212808956207213,0.0,,0.0015718927830254146,,,0.2594642038320264,,,0.18936524352021117,,,0.0,,,0.0,,,0.07857232398568806,,,0.028527427611633734,,,0.3555296805405337,,,0.3436293194613719,,,,,,,0.0,0.0,0.0,0.0,0.0,0.0,,,,,,,0.0,0.0,0.0,0.0,0.0,0.0
